fecha,hora,p_marginal,comEnergia,cPerdidas,cCongestion
2022-01-01,11.5,2177.486494252874,2181.1208333333334,-3.6348706896551723,0.0
2022-01-02,11.5,2236.127629310345,2237.89125,-1.7629454022988509,0.0
2022-01-03,11.5,2271.685646551724,2265.4079166666666,6.2781321839080455,0.0
2022-01-04,11.5,2368.1241666666665,2369.3441666666668,-1.2186637931034483,0.0
2022-01-05,11.5,2444.538649425287,2449.630416666667,-5.092485632183908,0.0
2022-01-06,11.5,2375.387327586207,2377.8591666666666,-2.4717816091954026,0.0
2022-01-07,11.5,2492.345316091954,2489.6775000000002,2.66875,0.0
2022-01-08,11.5,2506.731609195402,2511.1541666666667,-4.422140804597701,0.0
2022-01-09,11.5,2484.240761494253,2490.8345833333333,-6.592787356321839,0.0
2022-01-10,11.5,2585.202844827586,2595.5575,-4.124137931034483,-6.230531609195402
2022-01-11,11.5,2490.119353448276,2480.4333333333334,9.686091954022988,0.0
2022-01-12,11.5,2509.6786494252874,2496.002916666667,13.675459770114944,0.0
2022-01-13,11.5,2919.7011637931037,2908.9408333333336,10.759066091954024,0.0
2022-01-14,11.5,2731.7743103448274,2725.11,6.665028735632183,0.0
2022-01-15,11.5,2632.2095689655175,2631.52625,0.6838936781609198,0.0
2022-01-16,11.5,2344.514698275862,2339.9674999999997,4.546465517241379,0.0
2022-01-17,11.5,2706.3210344827585,2699.61875,6.701795977011494,0.0
2022-01-18,11.5,2689.198275862069,2685.730833333333,19.65406609195402,-16.185689655172414
2022-01-19,11.5,2867.6666522988507,2864.8570833333333,2.8102873563218393,0.0
2022-01-20,11.5,2657.2416091954024,2654.765,2.4774712643678156,0.0
2022-01-21,11.5,2760.808031609195,2753.3516666666665,7.455287356321839,0.0
2022-01-22,11.5,2813.846709770115,2811.5683333333336,2.278132183908046,0.0
2022-01-23,11.5,2384.8911781609195,2388.4041666666667,-3.5141091954022983,0.0
2022-01-24,11.5,2827.2480172413793,2781.685,45.5646408045977,0.0
2022-01-25,11.5,2844.2226436781607,2792.23125,51.99087643678161,0.0
2022-01-26,11.5,2822.740617816092,2774.11875,48.6219683908046,0.0
2022-01-27,11.5,2406.9041666666667,2396.838333333333,10.066077586206896,0.0
2022-01-28,11.5,2339.4785057471263,2330.2208333333333,9.258175287356321,0.0
2022-01-29,11.5,2560.786364942529,2556.68125,4.10507183908046,0.0
2022-01-30,11.5,2272.3405555555555,2284.1508333333336,-11.80973611111111,0.0
2022-01-31,11.5,2540.289819444444,2546.64375,-6.354208333333333,0.0
2022-02-01,11.5,2590.787097222222,2590.139583333333,0.6476111111111111,0.0
2022-02-02,11.5,2459.3993333333333,2451.3345833333333,8.06525,0.0
2022-02-03,11.5,2513.9985833333335,2517.503333333333,-3.5044722222222227,0.0
2022-02-04,11.5,2610.662736111111,2610.96875,-0.30480555555555533,0.0
2022-02-05,11.5,2661.2525694444444,2658.61125,2.6410416666666667,0.0
2022-02-06,11.5,2625.6000694444447,2624.9695833333335,0.6312222222222224,0.0
2022-02-07,11.5,2370.0445694444447,2372.0666666666666,-2.0223472222222223,0.0
2022-02-08,11.5,2537.6240555555555,2536.8508333333334,0.7728611111111111,0.0
2022-02-09,11.5,2803.4241527777776,2801.5870833333333,1.8370138888888887,0.0
2022-02-10,11.5,2510.6277638888887,2506.7966666666666,3.8310416666666667,0.0
2022-02-11,11.5,2667.0359166666667,2667.4820833333333,-0.4462083333333333,0.0
2022-02-12,11.5,2611.516375,2605.642083333333,5.874,0.0
2022-02-13,11.5,2494.59,2493.5608333333334,1.029638888888889,0.0
2022-02-14,11.5,2775.6709305555555,2766.9375,8.734597222222222,0.0
2022-02-15,11.5,2895.565236111111,2893.23125,2.334333333333334,0.0
2022-02-16,11.5,3323.112611111111,3323.3149999999996,-0.20222222222222236,0.0
2022-02-17,11.5,3178.6780416666666,3156.9566666666665,21.72215277777778,0.0
2022-02-18,11.5,3402.590625,3393.1620833333336,9.427569444444446,0.0
2022-02-19,11.5,3481.2031944444443,3458.089166666667,23.11351388888889,0.0
2022-02-20,11.5,3451.157888888889,3435.7083333333335,15.449583333333331,0.0
2022-02-21,11.5,3119.20475,3130.7395833333335,-11.535833333333333,0.0
2022-02-22,11.5,3421.265,3427.2320833333333,-5.966888888888889,0.0
2022-02-23,11.5,2910.4738888888887,2909.045833333333,1.4276250000000001,0.0
2022-02-24,11.5,2626.9015416666666,2624.0945833333335,2.807263888888889,0.0
2022-02-25,11.5,2578.31375,2570.6170833333335,7.696875,0.0
2022-02-26,11.5,2534.8806944444445,2533.6320833333334,1.2494027777777776,0.0
2022-02-27,11.5,3388.6059999999998,3409.4816666666666,-20.875861111111114,0.0
2022-02-28,11.5,3915.511444444445,3940.7258333333334,-25.21501388888889,0.0
2022-03-01,11.5,5321.271722222223,5261.203750000001,60.068305555555554,0.0
2022-03-02,11.5,4519.516041666667,4534.29,-14.773791666666668,0.0
2022-03-03,11.5,3639.053222222222,3642.4941666666664,-3.440888888888889,0.0
2022-03-04,11.5,4015.5242222222223,4010.9375,4.587375,0.0
2022-03-05,11.5,3927.9772500000004,3930.78125,-2.8030833333333334,0.0
2022-03-06,11.5,2890.7727499999996,2896.8854166666665,-6.113166666666666,0.0
2022-03-07,11.5,4265.400625,4200.559583333334,64.84118055555555,0.0
2022-03-08,11.5,4145.773833333334,4079.8375,65.93522222222222,0.0
2022-03-09,11.5,4519.749597222222,4447.4875,72.26268055555555,0.0
2022-03-10,11.5,4628.583055555555,4550.730416666666,77.85280555555555,0.0
2022-03-11,11.5,3096.2865138888887,3096.309166666667,-0.02329166666666672,0.0
2022-03-12,11.5,3565.5662222222227,3887.021666666667,34.8675,-356.3225
2022-03-13,11.5,3708.3231805555556,3700.26125,8.062000000000001,0.0
2022-03-14,11.5,4145.050416666666,4137.550833333334,7.5005,0.0
2022-03-15,11.5,4029.258013888889,4020.5366666666664,8.72113888888889,0.0
2022-03-16,11.5,4236.678652777778,4232.37375,4.305000000000001,0.0
2022-03-17,11.5,4262.556763888889,4254.824583333334,7.732319444444443,0.0
2022-03-18,11.5,5386.215208333334,5287.6025,98.61172222222223,0.0
2022-03-19,11.5,4384.121513888889,4375.3116666666665,8.809541666666666,0.0
2022-03-20,11.5,3676.1804861111113,3682.423333333333,-6.243847222222222,0.0
2022-03-21,11.5,3751.135736111111,3751.6695833333333,-0.5341527777777777,0.0
2022-03-22,11.5,4221.608972222222,4212.42,9.189388888888889,0.0
2022-03-23,11.5,4702.001708333333,4648.8125,53.18990277777778,0.0
2022-03-24,11.5,4756.9984722222225,4715.703333333333,41.29397222222222,0.0
2022-03-25,11.5,4921.0808611111115,4868.014999999999,53.06644444444444,0.0
2022-03-26,11.5,4831.434277777778,4796.868333333334,34.56626388888889,0.0
2022-03-27,11.5,4576.620027777778,4559.295,17.325666666666667,0.0
2022-03-28,11.5,4761.994722222223,4737.66875,24.325277777777778,0.0
2022-03-29,11.5,4993.588777777778,4969.375416666667,24.21226388888889,0.0
2022-03-30,11.5,5535.202805555556,5494.2875,40.91433333333333,0.0
2022-03-31,11.5,5895.460930555556,5844.610000000001,50.851277777777774,0.0
2022-04-01,11.5,5579.1177777777775,5521.354583333333,57.76361111111112,0.0
2022-04-02,11.5,5014.249569444444,4977.370416666667,36.879041666666666,0.0
2022-04-03,11.0,4167.403434782609,4151.0599999999995,16.341608695652173,0.0
2022-04-04,11.5,3717.198375,3701.8991666666666,15.299041666666666,0.0
2022-04-05,11.5,4164.541430555556,4137.7325,26.80834722222222,0.0
2022-04-06,11.5,4776.042694444444,4742.6075,33.43508333333333,0.0
2022-04-07,11.5,4754.24025,4709.969166666667,44.271208333333334,0.0
2022-04-08,11.5,4620.273625,4581.611666666667,38.66213888888889,0.0
2022-04-09,11.5,4632.743597222222,4595.46125,37.28152777777778,0.0
2022-04-10,11.5,3685.449458333333,3675.0470833333334,10.402694444444444,0.0
2022-04-11,11.5,4117.957069444445,4097.839583333333,20.118277777777777,0.0
2022-04-12,11.5,3974.1145555555554,3960.15625,25.396652777777778,-11.436583333333333
2022-04-13,11.5,3296.3905972222224,3316.53125,-1.5323611111111113,-18.60827777777778
2022-04-14,11.5,3144.217555555556,3134.4841666666666,9.733374999999999,0.0
2022-04-15,11.5,2891.794,2892.4508333333333,-0.6570833333333332,0.0
2022-04-16,11.5,3439.805736111111,3454.603333333333,-14.796833333333332,0.0
2022-04-17,11.5,3627.707138888889,3641.37375,-13.667472222222223,0.0
2022-04-18,11.5,4052.226263888889,4056.76125,-4.535736111111111,0.0
2022-04-19,11.5,4263.760652777778,4260.110833333333,3.650138888888889,0.0
2022-04-20,11.5,4664.017472222223,4664.922916666666,-0.9053750000000004,0.0
2022-04-21,11.5,5027.957569444445,5032.850833333334,-4.892916666666666,0.0
2022-04-22,11.5,5126.403888888889,5142.942083333333,-16.538305555555556,0.0
2022-04-23,11.5,4919.372569444445,4924.90375,-5.530680555555555,0.0
2022-04-24,11.5,4911.967833333333,4940.483333333334,-28.514916666666668,0.0
2022-04-25,11.5,5907.207666666666,5932.284166666666,-25.075666666666667,0.0
2022-04-26,11.5,5974.781138888889,5989.970416666667,-15.188888888888888,0.0
2022-04-27,11.5,5937.111875,5907.498333333333,29.61411111111111,0.0
2022-04-28,11.5,5001.953430555556,5014.265833333333,-12.312916666666666,0.0
2022-04-29,11.5,4671.236041666667,4688.995,-17.759055555555555,0.0
2022-04-30,11.5,5226.623486111112,5248.836666666666,-22.213819444444447,0.0
2022-05-01,11.5,4836.93825,4844.08,-7.141861111111112,0.0
2022-05-02,11.5,5021.9300416666665,5017.029166666666,4.901402777777778,0.0
2022-05-03,11.5,5177.090819444445,5177.700833333333,-0.6089305555555553,0.0
2022-05-04,11.5,5151.090694444444,5152.190833333333,-1.099611111111111,0.0
2022-05-05,11.5,5970.796625000001,5862.055416666667,108.74037500000001,0.0
2022-05-06,11.5,5974.905083333333,5887.274583333334,87.63134722222222,0.0
2022-05-07,11.5,5843.734777777778,5755.970833333334,87.76477777777778,0.0
2022-05-08,11.5,5693.279902777777,5631.529166666666,61.75018055555555,0.0
2022-05-09,11.5,6074.725125,5991.7525,82.97298611111111,0.0
2022-05-10,11.5,6330.213875,6225.830833333333,104.38259722222223,0.0
2022-05-11,11.5,6159.4825,6046.572916666667,112.9100138888889,0.0
2022-05-12,11.5,6155.219583333333,6051.704166666666,103.51597222222222,0.0
2022-05-13,11.5,6269.07175,6138.785833333333,130.28544444444444,0.0
2022-05-14,11.5,6205.466819444445,6097.2074999999995,108.25915277777777,0.0
2022-05-15,11.5,5401.364305555555,5398.555416666666,2.807291666666666,0.0
2022-05-16,11.5,5594.198652777777,5582.027916666667,12.17061111111111,0.0
2022-05-17,11.5,5507.579277777778,5501.51875,6.060444444444445,0.0
2022-05-18,11.5,5262.298291666667,5256.982083333333,5.314444444444445,0.0
2022-05-19,11.5,4888.997708333333,4889.954166666666,-0.9571805555555559,0.0
2022-05-20,11.5,5255.0971805555555,5256.53625,-1.438833333333334,0.0
2022-05-21,11.5,4853.491986111111,4851.61125,1.8805972222222223,0.0
2022-05-22,11.5,4332.872222222222,4337.315,-4.444249999999999,0.0
2022-05-23,11.5,4534.588486111111,4531.785833333333,2.8020416666666663,0.0
2022-05-24,11.5,4538.891847222222,4546.212916666666,-7.320930555555557,0.0
2022-05-25,11.5,4660.267680555556,4675.887083333334,2.031041666666667,-17.651180555555555
2022-05-26,11.5,4653.964722222222,4650.5175,3.4476666666666675,0.0
2022-05-27,11.5,4922.347458333334,4911.3875,10.960666666666667,0.0
2022-05-28,11.5,5373.884513888889,5360.71125,13.17273611111111,0.0
2022-05-29,11.5,5036.739402777778,5041.966666666666,-5.227763888888888,0.0
2022-05-30,11.5,5322.688111111111,5297.434166666667,25.253791666666665,0.0
2022-05-31,11.5,5172.951986111111,5148.67,24.282624999999996,0.0
2022-06-01,11.5,4874.352958333333,4850.37875,23.974833333333336,0.0
2022-06-02,11.5,4793.467833333333,4766.9904166666665,26.477583333333335,0.0
2022-06-03,11.5,4619.795236111111,4618.123333333333,1.6712083333333339,0.0
2022-06-04,11.5,5010.4229305555555,5006.799166666667,3.623875000000001,0.0
2022-06-05,11.5,4339.7389861111105,4353.53,-13.790263888888889,0.0
2022-06-06,11.5,4785.3478888888885,4769.557083333333,15.790208333333334,0.0
2022-06-07,11.5,5067.258541666666,5070.358333333334,-3.0989166666666663,0.0
2022-06-08,11.5,5138.5948194444445,5145.990833333333,-7.396930555555556,0.0
2022-06-09,11.5,5045.720847222222,5047.627083333334,-1.9078611111111115,0.0
2022-06-10,11.5,4977.611833333333,4980.26875,-2.6568750000000003,0.0
2022-06-11,11.5,5166.916694444444,5173.6425,-6.725777777777778,0.0
2022-06-12,11.5,5039.600055555556,5062.581666666666,-22.98041666666667,0.0
2022-06-13,11.5,5250.202694444444,5249.515833333333,0.6865833333333324,0.0
2022-06-14,11.5,5242.814625,5241.1466666666665,1.6692777777777779,0.0
2022-06-15,11.5,5361.129013888889,5374.919166666667,-13.790458333333335,0.0
2022-06-16,11.5,5385.093375,5383.5875,1.5060000000000002,0.0
2022-06-17,11.5,5613.814236111111,5588.861666666667,24.952055555555553,0.0
2022-06-18,11.5,5398.367125,5397.720833333334,0.6457916666666678,0.0
2022-06-19,11.5,5973.771055555556,5953.815,19.956611111111112,0.0
2022-06-20,11.5,6461.713375,6342.986666666668,118.72648611111111,0.0
2022-06-21,11.5,6358.701347222222,6300.201666666667,58.49905555555556,0.0
2022-06-22,11.5,6346.247958333333,6285.69,60.55738888888889,0.0
2022-06-23,11.5,6363.522319444445,6297.51375,66.00888888888889,0.0
2022-06-24,11.5,5809.917,5753.7325,56.184666666666665,0.0
2022-06-25,11.5,5824.243180555555,5759.531666666667,64.71194444444444,0.0
2022-06-26,11.5,5482.647125,5425.242916666666,57.404888888888884,0.0
2022-06-27,11.5,5663.0444027777785,5586.314166666667,76.73023611111111,0.0
2022-06-28,11.5,5621.459486111111,5560.687916666667,60.77097222222222,0.0
2022-06-29,11.5,6147.920402777779,6099.9375,47.982458333333334,0.0
2022-06-30,11.5,5963.189972222222,5902.788333333333,60.40247222222222,0.0
2022-07-01,11.5,6000.980180555556,5952.929166666667,48.05066666666667,0.0
2022-07-02,11.5,6441.624458333334,6387.55875,54.06634722222222,0.0
2022-07-03,11.5,6311.591236111111,6266.566666666667,45.02459722222222,0.0
2022-07-04,11.5,6194.760333333334,6141.803333333334,52.95715277777778,0.0
2022-07-05,11.5,5846.898402777777,5809.537083333334,37.361180555555556,0.0
2022-07-06,11.5,5752.422791666667,5769.922500000001,-17.500430555555553,0.0
2022-07-07,11.5,5637.919236111111,5654.402916666667,-16.483166666666666,0.0
2022-07-08,11.5,5710.660208333334,5719.492916666666,-8.832361111111112,0.0
2022-07-09,11.5,6440.844263888889,6456.075833333332,-15.231333333333335,0.0
2022-07-10,11.5,6139.402611111111,6158.331666666666,-18.929166666666667,0.0
2022-07-11,11.5,5907.045958333333,5913.470833333334,-6.425083333333334,0.0
2022-07-12,11.5,6006.964416666667,5998.8533333333335,8.111958333333332,0.0
2022-07-13,11.5,5992.325374999999,5995.582083333333,-3.257208333333334,0.0
2022-07-14,11.5,5961.464472222222,5973.23875,-11.77473611111111,0.0
2022-07-15,11.5,6063.924958333333,6076.976666666667,-13.05198611111111,0.0
2022-07-16,11.5,6019.7138888888885,6037.045833333334,-17.33202777777778,0.0
2022-07-17,11.5,5757.59761111111,5778.211666666666,-20.61416666666667,0.0
2022-07-18,11.5,5357.562555555555,5358.483749999999,-0.9210277777777776,0.0
2022-07-19,11.5,6018.546125,6031.841666666666,-13.296666666666667,0.0
2022-07-20,11.5,6494.374125,6502.635,-8.260277777777778,0.0
2022-07-21,11.5,6123.6885555555555,6125.767083333333,-2.078,0.0
2022-07-22,11.5,6253.633791666667,6249.5216666666665,4.1117083333333335,0.0
2022-07-23,11.5,6177.690569444444,6168.213333333333,9.477375,0.0
2022-07-24,11.5,6141.617,6157.19875,-15.582111111111113,0.0
2022-07-25,11.5,6136.782972222222,6140.777916666666,-3.994444444444446,0.0
2022-07-26,11.5,6269.443027777778,6271.338333333333,-1.8948888888888884,0.0
2022-07-27,11.5,6139.346861111111,6142.246666666666,-2.8992361111111102,0.0
2022-07-28,11.5,6209.6620416666665,6222.438333333333,-12.776805555555555,0.0
2022-07-29,11.5,5955.281888888889,5954.719166666667,0.5630277777777782,0.0
2022-07-30,11.5,6025.190625,6030.389999999999,-5.200236111111111,0.0
2022-07-31,11.5,5936.357513888889,5954.922500000001,-18.56525,0.0
2022-08-01,11.5,6190.843208333334,6193.01875,-2.176305555555556,0.0
2022-08-02,11.5,6330.358638888889,6327.775416666666,2.5824166666666657,0.0
2022-08-03,11.5,6235.236819444444,6241.582083333333,-6.345694444444446,0.0
2022-08-04,11.5,6206.650166666667,6213.953333333334,-7.304722222222223,0.0
2022-08-05,11.5,6093.636819444444,6110.201666666667,-16.564680555555555,0.0
2022-08-06,11.5,6182.073319444445,6197.395416666667,-15.32113888888889,0.0
2022-08-07,11.5,6005.027291666667,6018.495833333333,-13.469222222222223,0.0
2022-08-08,11.5,6101.043958333334,6111.558333333333,-10.513819444444444,0.0
2022-08-09,11.5,6046.0337083333325,6051.78125,-5.746041666666666,0.0
2022-08-10,11.5,6045.573638888888,6066.169583333332,-20.595666666666666,0.0
2022-08-11,11.5,6064.988402777778,6091.704583333333,-26.715611111111112,0.0
2022-08-12,11.5,6045.252430555555,6075.471666666666,-30.218972222222224,0.0
2022-08-13,11.5,6169.407972222222,6204.4470833333335,-35.038777777777774,0.0
2022-08-14,11.5,6000.425736111111,6049.106666666667,-48.680680555555554,0.0
2022-08-15,11.5,6157.187555555555,6176.266250000001,-19.077277777777777,0.0
2022-08-16,11.5,6049.937958333334,6073.270833333333,-23.333402777777778,0.0
2022-08-17,11.5,6039.1547222222225,6047.924166666668,-8.769874999999999,0.0
2022-08-18,11.5,5886.357513888889,5904.425833333333,-18.069097222222222,0.0
2022-08-19,11.5,5916.034624999999,5920.49,-4.45475,0.0
2022-08-20,11.5,5961.551402777777,5975.687083333333,-14.135638888888888,0.0
2022-08-21,11.5,5981.5931388888885,6015.12875,-33.53584722222222,0.0
2022-08-22,11.5,6109.007958333334,6132.175,-23.167374999999996,0.0
2022-08-23,11.5,6253.821083333333,6258.077916666666,-4.257611111111111,0.0
2022-08-24,11.5,6217.315972222223,6240.120000000001,-22.80448611111111,0.0
2022-08-25,11.5,6090.952805555555,6112.319583333333,-21.366569444444444,0.0
2022-08-26,11.5,6209.746541666666,6227.099583333334,-17.355416666666667,0.0
2022-08-27,11.5,6130.09736111111,6158.445000000001,-28.34775,0.0
2022-08-28,11.5,6034.447486111112,6060.872916666666,-26.425416666666667,0.0
2022-08-29,11.5,6032.898444444444,6057.922500000001,-25.023500000000002,0.0
2022-08-30,11.5,6031.677638888889,6061.359166666666,-29.68125,0.0
2022-08-31,11.5,6251.670666666667,6252.02,-0.3495694444444453,0.0
2022-09-01,11.5,6112.480083333334,6127.492916666667,-15.012791666666665,0.0
2022-09-02,11.5,5951.352097222222,5960.391666666666,-9.040902777777777,0.0
2022-09-03,11.5,5955.263208333333,5987.682500000001,-32.41994444444445,0.0
2022-09-04,11.5,6134.056555555555,6146.38375,-12.328458333333334,0.0
2022-09-05,11.5,6116.863597222222,6126.681666666666,-9.817833333333333,0.0
2022-09-06,11.5,5745.581708333333,5791.67375,-46.092555555555556,0.0
2022-09-07,11.5,5522.231138888888,5580.94375,-58.71358333333333,0.0
2022-09-08,11.5,3596.9057222222223,3649.3320833333337,-52.42633333333333,0.0
2022-09-09,11.5,3861.7344027777776,3948.7316666666666,-86.99627777777778,0.0
2022-09-10,11.5,5647.2844444444445,5728.539583333333,-81.25544444444444,0.0
2022-09-11,11.5,5822.109083333334,5845.4975,-23.3885,0.0
2022-09-12,11.5,6122.529625,6094.57625,27.951527777777777,0.0
2022-09-13,11.5,6058.546249999999,6062.155,-3.6088055555555556,0.0
2022-09-14,11.5,5946.145236111111,5995.230833333334,-49.086388888888884,0.0
2022-09-15,11.5,6099.292541666667,6115.214166666667,-15.921555555555557,0.0
2022-09-16,11.5,6012.6442916666665,6028.163333333333,-16.885055555555557,1.3664999999999998
2022-09-17,11.5,6091.118319444445,6108.109166666666,-16.990861111111112,0.0
2022-09-18,11.5,6022.796166666667,6041.835833333333,-19.03959722222222,0.0
2022-09-19,11.5,6186.855611111111,6195.232083333332,-8.376222222222221,0.0
2022-09-20,11.5,6067.448583333334,6065.955833333333,1.4929722222222226,0.0
2022-09-21,11.5,6084.493277777778,6085.576666666667,-1.0831527777777779,0.0
2022-09-22,11.5,6044.999236111112,6033.19,11.809972222222223,0.0
2022-09-23,11.5,6008.627541666667,6031.117499999999,-22.48986111111111,0.0
2022-09-24,11.5,6055.243291666667,6086.84,-31.594638888888888,0.0
2022-09-25,11.5,6013.768027777778,6040.677083333333,-26.90938888888889,0.0
2022-09-26,11.5,6397.174555555555,6395.100416666666,2.073694444444444,0.0
2022-09-27,11.5,6383.43875,6412.254999999999,-28.815833333333334,0.0
2022-09-28,11.5,6381.426930555555,6403.269166666666,-21.841722222222224,0.0
2022-09-29,11.5,6479.146125,6503.585416666667,-24.438416666666665,0.0
2022-09-30,11.5,6303.519486111111,6328.488333333333,-24.969375,0.0
2022-10-01,11.5,6358.401222222222,6389.5725,-31.17275,0.0
2022-10-02,11.5,6066.953861111111,6118.310416666666,-51.35725,0.0
2022-10-03,11.5,6187.481013888889,6226.757083333333,-39.276375,0.0
2022-10-04,11.5,5875.007125,5906.405416666667,-31.398333333333333,0.0
2022-10-05,11.5,5880.566541666667,5942.901250000001,-62.33506944444444,0.0
2022-10-06,11.5,5961.7365972222215,6015.895416666667,-54.15856944444444,0.0
2022-10-07,11.5,5986.144833333334,6036.389999999999,-50.24520833333333,0.0
2022-10-08,11.5,6143.947388888889,6179.42375,-35.47577777777777,0.0
2022-10-09,11.5,5675.427125,5722.472916666667,-47.04679166666667,0.0
2022-10-10,11.5,5955.998888888889,6009.020833333333,-53.021597222222226,0.0
2022-10-11,11.5,6012.381083333333,6059.455,-47.073375000000006,0.0
2022-10-12,11.5,6310.072277777778,6371.179999999999,-61.1075,0.0
2022-10-13,11.5,6168.501083333334,6246.147083333334,-77.64597222222223,0.0
2022-10-14,11.5,5634.130680555555,5704.12625,-69.9945,0.0
2022-10-15,11.5,5668.199333333333,5731.9383333333335,-63.73994444444445,0.0
2022-10-16,11.5,5706.849597222222,5780.099583333334,-73.25061111111111,0.0
2022-10-17,11.5,5819.169944444444,5894.1075,-74.93783333333333,0.0
2022-10-18,11.5,5814.663444444444,5886.049583333333,-71.38662500000001,0.0
2022-10-19,11.5,5711.476486111111,6067.8975,-53.483902777777786,-302.93741666666665
2022-10-20,11.5,5871.114625,6207.962916666666,-46.0405,-290.8084166666667
2022-10-21,11.5,6037.948694444444,6270.92,-35.09823611111111,-197.87275
2022-10-22,11.5,6027.495583333333,6087.645833333333,-60.14963888888889,0.0
2022-10-23,11.5,5702.723347222222,5791.002916666666,-88.27997222222223,0.0
2022-10-24,11.5,5703.447347222222,5775.0929166666665,-71.645875,0.0
2022-10-25,11.5,5635.002805555556,5702.395833333333,-67.39283333333334,0.0
2022-10-26,11.5,5781.861583333333,5847.371666666666,-65.50951388888889,0.0
2022-10-27,11.5,5538.215638888889,5614.729583333333,-76.51394444444445,0.0
2022-10-28,11.5,4409.206819444445,4461.359583333333,-52.15361111111111,0.0
2022-10-29,11.5,4987.7185,5047.932083333333,-60.213791666666665,0.0
2022-10-30,11.5,3467.576791666667,3527.76375,-60.186499999999995,0.0
2022-10-31,11.5,5507.5252222222225,5490.997916666666,16.527291666666667,0.0
2022-11-01,11.5,4264.186013888889,4317.304166666667,-53.11837500000001,0.0
2022-11-02,11.5,4237.883361111111,4300.09875,-62.21465277777778,0.0
2022-11-03,11.5,4407.343486111111,4439.019583333334,-31.67611111111111,0.0
2022-11-04,11.5,3534.323,3554.31875,-19.99576388888889,0.0
2022-11-05,11.5,3947.271902777778,3969.540833333333,-22.26897222222222,0.0
2022-11-06,11.5,5244.312069444444,5288.512083333334,-44.200472222222224,0.0
2022-11-07,11.5,4581.34325,4607.94,-26.595250000000004,0.0
2022-11-08,11.5,4745.519986111111,4993.702916666667,-248.18287500000002,0.0
2022-11-09,11.5,5000.796444444444,5018.097916666667,-17.301083333333334,0.0
2022-11-10,11.5,6015.964319444444,6055.861666666668,-39.897819444444444,0.0
2022-11-11,11.5,5893.807208333334,5921.634166666666,-27.82645833333333,0.0
2022-11-12,11.5,4990.731958333333,4575.252916666666,-17.351222222222223,432.83
2022-11-13,11.5,4917.532999999999,4961.013333333333,-43.48173611111111,0.0
2022-11-14,11.5,5446.81275,5419.544583333333,27.267263888888888,0.0
2022-11-15,11.5,5504.172194444444,5493.097916666667,11.074277777777779,0.0
2022-11-16,11.5,5025.999027777778,5014.582916666667,11.415249999999999,0.0
2022-11-17,11.5,5885.22,5806.07625,79.14404166666667,0.0
2022-11-18,11.5,6323.134749999999,6241.01125,82.12311111111111,0.0
2022-11-19,11.5,6244.571083333333,6165.8220833333335,78.7497361111111,0.0
2022-11-20,11.5,5138.919333333333,5165.764166666667,-26.843819444444442,0.0
2022-11-21,11.5,5073.550027777777,5097.879166666667,-24.329527777777777,0.0
2022-11-22,11.5,5962.753944444445,5971.590416666666,-8.836180555555556,0.0
2022-11-23,11.5,6403.736694444445,6366.214166666667,37.522125,0.0
2022-11-24,11.5,5392.379347222222,5380.9470833333335,11.432166666666667,0.0
2022-11-25,11.5,4930.27475,4921.2908333333335,8.983222222222222,0.0
2022-11-26,11.5,4866.972263888889,4855.616666666667,11.355986111111111,0.0
2022-11-27,11.5,5269.8294166666665,5253.43,16.398930555555555,0.0
2022-11-28,11.5,4662.461972222222,4643.752916666666,18.709916666666665,0.0
2022-11-29,11.5,4753.5363333333335,4732.05375,21.48252777777778,0.0
2022-11-30,11.5,4832.077722222222,4787.957083333334,44.12093055555555,0.0
2022-12-01,11.5,5075.433777777777,5113.142083333333,-37.70861111111111,0.0
2022-12-02,11.5,4930.831763888889,4996.4,-65.56783333333333,0.0
2022-12-03,11.5,5156.60025,5227.244583333333,-70.64386111111111,0.0
2022-12-04,11.5,4864.250430555556,4948.433333333333,-84.18309722222223,0.0
2022-12-05,11.5,5076.156861111111,5130.112916666666,-53.95638888888889,0.0
2022-12-06,11.5,5031.741388888889,5075.2125,-43.471291666666666,0.0
2022-12-07,11.5,4803.42375,4859.403333333334,-55.97923611111111,0.0
2022-12-08,11.5,4046.3108055555554,4107.578750000001,-61.26745833333333,0.0
2022-12-09,11.5,3978.4908194444447,4024.572083333333,-46.082138888888885,0.0
2022-12-10,11.5,3845.9721250000002,3894.9325,-48.95986111111111,0.0
2022-12-11,11.5,3694.6596944444445,3742.7916666666665,-48.13229166666667,0.0
2022-12-12,11.5,4302.565611111111,4373.873333333333,-32.64538888888889,-38.66233333333333
2022-12-13,11.5,4576.784874999999,4651.569166666666,-37.625750000000004,-37.15893055555556
2022-12-14,11.5,4296.742666666667,4286.187916666667,10.554902777777777,0.0
2022-12-15,11.5,4091.339638888889,4079.26875,12.070583333333333,0.0
2022-12-16,11.5,4900.234,4890.840416666667,9.393291666666666,0.0
2022-12-17,11.5,4401.628777777778,4387.25375,14.374458333333335,0.0
2022-12-18,11.5,3104.2119583333333,3114.5587499999997,-10.347138888888889,0.0
2022-12-19,11.5,2829.3164166666666,2828.95,0.36595833333333305,0.0
2022-12-20,11.5,2700.246236111111,2700.415,-0.16886111111111082,0.0
2022-12-21,11.5,3198.6713750000004,3195.7320833333333,2.938736111111111,0.0
2022-12-22,11.5,2791.386736111111,2811.785,-20.39870833333333,0.0
2022-12-23,11.5,2862.507236111111,2908.9308333333333,-46.425124999999994,0.0
2022-12-24,11.5,2231.1825,2272.6004166666667,-41.417541666666665,0.0
2022-12-25,11.5,1582.1857083333332,1610.485,-28.299083333333332,0.0
2022-12-26,11.5,2452.726375,2483.384583333333,-30.658430555555555,0.0
2022-12-27,11.5,2805.2219444444445,2835.91,-30.687861111111108,0.0
2022-12-28,11.5,2537.874986111111,2567.90375,-30.027791666666666,0.0
2022-12-29,11.5,3168.8150555555553,3200.3083333333334,-31.49447222222222,0.0
2022-12-30,11.5,4212.630152777778,4264.131666666667,-51.501402777777784,0.0
2022-12-31,11.5,2850.050347222222,2887.34,-37.29051388888889,0.0
